Method,Mean Objective,Std Objective,Mean Runtime,Std Runtime,Success Rate,Min Objective,Max Objective,Mean Gap,Std Gap,Mean Max Violation,Std Max Violation,Mean Inf Norm X,Std Inf Norm X,Mean One Norm Y,Std One Norm Y,Mean Memory Peak,Std Memory Peak
PuLP,104.73249999999999,0.0,0.25464476108551026,0.09416658389934249,1.0,104.73249999999999,104.73249999999999,,,,,,,,,212828.16,263728.70884682745
Benders,115.77699999343163,1.4355131050823087e-14,9.391314873695373,1.6540867132973325,1.0,115.77699999343162,115.77699999343162,0.10545437178938372,0.0,35.99999998239754,0.0,35.99999998239754,0.0,177.19999992014294,2.109764775917967e-14,939376.64,1118958.2713285612
Quantum-Enhanced,108.94799994989755,8.237329363185866,5.087225127220154,2.325011210359253,0.88,84.99499996178596,122.50999995531032,0.07049387724981364,0.052614974069313855,63.45999973703443,15.39872770788702,63.45999973703443,15.39872770788702,283.5799987417087,53.30623511101067,72528363.52,46427844.43801088
Quantum-Enhanced-Merge,116.16029995506435,5.185777275590098,4.926407732963562,2.358891757306092,0.68,102.58999993674058,122.7849999969023,0.10993244654328636,0.04763178820288542,49.05999973209455,7.241208522700969,49.05999973209455,7.241208522700969,234.0199987862651,31.21452342932466,71938375.68,46840895.114115044
