Method,Mean Objective,Std Objective,Mean Runtime,Std Runtime,Success Rate,Min Objective,Max Objective,Mean Gap,Std Gap,Mean Max Violation,Std Max Violation,Mean Inf Norm X,Std Inf Norm X,Mean One Norm Y,Std One Norm Y,Mean Memory Peak,Std Memory Peak
PuLP,104.73249999999999,0.0,0.15962710857391357,0.045707930707175444,1.0,104.73249999999999,104.73249999999999,,,,,,,,,107315.2,187038.97157937268
Benders,115.77699999343163,1.4355131050823087e-14,5.551358079910278,0.573280805877147,1.0,115.77699999343162,115.77699999343162,0.10545437178938372,0.0,35.99999998239754,0.0,35.99999998239754,0.0,177.19999992014294,1.7226157260987705e-14,534691.84,950763.4109546373
Quantum-Enhanced,110.33699996673444,8.332376322908228,2.4846285724639894,0.621445870895403,0.82,88.25499968967307,122.49999994239955,0.08023583889538792,0.05179223752176101,58.35999962378324,13.813273527957183,58.35999962378324,13.813273527957183,270.47999867328383,47.50477487720078,47471001.6,24229626.71492791
Quantum-Enhanced-Merge,116.39149996001919,4.698897720694853,2.236053967475891,0.6581695196992752,0.68,106.78499999423943,122.80999999448568,0.1113217001410184,0.04486570759501447,50.35999980431887,8.094492919125674,50.35999980431887,8.094492919125674,234.83999918083117,28.126797579170567,47403499.52,24191141.507873666
RQAOA,105.08979996633543,5.458229864331353,1.9396898317337037,0.2801952873581208,1.0,92.80499998978469,119.15499974804266,0.0421101376208613,0.030306630181343563,70.65999964582238,13.794941565973925,70.65999964582238,13.794941565973925,312.1199977304658,35.869173561855334,643153.92,899728.8280885217
