Method,Mean Objective,Std Objective,Mean Runtime,Std Runtime,Success Rate,Min Objective,Max Objective,Mean Gap,Std Gap,Mean Max Violation,Std Max Violation,Mean Inf Norm X,Std Inf Norm X,Mean One Norm Y,Std One Norm Y,Mean Memory Peak,Std Memory Peak
PuLP,137.07946937752882,12.206859172714681,0.1094422435760498,0.020867341314831138,1.0,113.88282797500003,161.48622919338698,,,,,,,,,269516.8,272273.6217459684
Benders,136.86672565753852,11.484678748418844,4.147316493988037,1.2573647911963481,0.0,113.04640482272622,157.210187881417,,,,,,,,,1616936.96,1836698.3757141617
Quantum-Enhanced,100.41361394162607,14.86989697505576,19.617565088272094,5.350223587339392,0.0,73.51061791904732,127.37894170924507,,,,,,,,,186222018.56,48980750.27848731
Quantum-Enhanced-Merge,110.37565417978965,9.999897907892105,18.842818489074705,5.20472262987052,0.0,84.03191435310981,129.951428121233,,,,,,,,,185275187.2,48984744.664000146
