Method,Mean Objective,Std Objective,Mean Runtime,Std Runtime,Success Rate,Min Objective,Max Objective,Mean Gap,Std Gap,Mean Max Violation,Std Max Violation,Mean Inf Norm X,Std Inf Norm X,Mean One Norm Y,Std One Norm Y,Mean Memory Peak,Std Memory Peak
PuLP,68.62500000000001,0.0,0.11270534992218018,0.025854794064234684,0.0,68.62500000000001,68.62500000000001,,,,,,,,,70696.96,123488.1859065399
Benders,67.12499999775054,1.4355131050823087e-14,2.962725477218628,0.35036997600537945,0.0,67.12499999775055,67.12499999775055,0.021857923530046838,0.0,5.0,0.0,5.0,0.0,36.00000000767928,4.4245485432074295e-15,508477.44,913913.3509125303
Quantum-Inspired,54.674999944770704,7.177565525411544e-15,9.833157157897949,1.1993603978992295,0.0,54.67499994477071,54.67499994477071,0.20327868932938872,0.0,94.999999999328,0.0,94.999999999328,0.0,337.999999998588,4.521296597066097e-14,825917.44,1437433.354749973
Quantum-Enhanced,61.12499992868253,0.0,9.462808375358582,1.9672652364703467,1.0,61.12499992868253,61.12499992868253,0.10928961852557358,1.401868266681942e-17,10.000000145214685,0.0,10.000000145214685,0.0,72.00000037843338,7.59602135964384e-15,124259614.72,85460418.98690557
