Method,Mean Objective,Std Objective,Mean Runtime,Std Runtime,Success Rate,Min Objective,Max Objective,Mean Gap,Std Gap,Mean Max Violation,Std Max Violation,Mean Inf Norm X,Std Inf Norm X,Mean One Norm Y,Std One Norm Y,Mean Memory Peak,Std Memory Peak
PuLP,59.12950458815001,2.1914771482645974,0.14822815895080566,0.027827315553674393,1.0,55.549413092500004,61.57196565000001,,,,,,,,,103710.72,182231.2608634402
Benders,67.4859299570984,0.03465553465611109,2.8693138694763185,0.3861749845626311,0.62,67.36979611977311,67.49999999834635,0.1428811591386713,0.04288262921547716,20.502971639821936,2.3045546740855456,20.502971639821936,2.3045546740855456,84.36020540473413,8.854573235878615,517488.64,909996.1451477391
Quantum-Enhanced,55.41899998686492,9.502886999833306,8.423306965827942,1.0265717130212433,0.78,17.17499998483887,66.17499999856764,0.10823878972821341,0.1353870283276097,60.6827767558027,22.48516280199151,60.6827767558027,22.48516280199151,216.31032482324048,90.67681607936782,142632960.0,24364043.30885601
Quantum-Enhanced-Merge,59.49699996633298,5.321818375935286,7.91434485912323,1.1499080061006255,0.96,39.34999999449278,63.97499992868253,0.07408243949191293,0.06675858402910965,46.29148042247168,27.162825858208645,46.29148042247168,27.162825858208645,166.50087046974775,73.51336172085523,143112028.16,24353389.909208335
RQAOA,44.477499987656195,8.763657346627257,2.0247991371154783,0.32033574031330003,0.3,22.199999996726444,58.62499999789433,0.24859383268093102,0.15020187745260855,78.6312736681948,14.56791877220845,78.6312736681948,14.56791877220845,317.431242864829,75.32718104221802,591380.48,904766.3041679008
