Method,Mean Objective,Std Objective,Mean Runtime,Std Runtime,Success Rate,Min Objective,Max Objective,Mean Gap,Std Gap,Mean Max Violation,Std Max Violation,Mean Inf Norm X,Std Inf Norm X,Mean One Norm Y,Std One Norm Y,Mean Memory Peak,Std Memory Peak
PuLP,58.82731957085,2.148182180792404,0.1388547134399414,0.03360621655278698,1.0,55.694926282500006,61.57490247000001,,,,,,,,,183500.8,256737.05488340417
Benders,67.48784304759732,0.04115001026960037,4.731011853218079,1.2259325031217432,0.5,67.24705253049393,67.49999999845815,0.14871563553271502,0.04182107237400962,20.32942929199181,2.79187222856703,20.32942929199181,2.79187222856703,81.72441501373198,10.963106122988895,909312.0,1065350.5594670398
Quantum-Enhanced,55.14599997630437,8.699238124231709,14.954631605148315,3.365121247314107,0.8,17.099999954134194,67.59999999906238,0.11546396869494488,0.11643780138492131,60.96067981219615,26.2697486700359,60.96067981219615,26.2697486700359,224.73740991939815,99.27523264561799,140953190.4,77376293.92489903
Quantum-Enhanced-Merge,59.28249996750986,6.066641478936573,14.38801586151123,3.848284171031482,0.9,42.09999999277534,67.34999999919613,0.08885942794753986,0.06674126651370939,46.96876289389541,30.798425298390576,46.96876289389541,30.798425298390576,160.42276858828268,82.10010306352171,136893235.2,89595960.15333565
