Method,Mean Objective,Std Objective,Mean Runtime,Std Runtime,Success Rate,Min Objective,Max Objective,Mean Gap,Std Gap,Mean Max Violation,Std Max Violation,Mean Inf Norm X,Std Inf Norm X,Mean One Norm Y,Std One Norm Y,Mean Memory Peak,Std Memory Peak
PuLP,104.10292801483396,15.529206696186417,0.6479455041885376,0.24056692363667062,1.0,81.7822674972691,127.30836381575305,,,,,,,,,1619148.8,3020164.422656353
Benders,110.06724204670608,18.672807401785683,8.189257373809815,4.702568918743749,0.52,88.77898222812063,139.8920425479803,0.18765924039190746,0.1753597641060725,77.50185770009114,21.09851915754034,77.50185770009114,21.09851915754034,587.5360609235387,162.74291589845402,2236088.32,4012289.868902201
Quantum-Enhanced,99.18790245167106,11.847854629812087,18.98895906448364,3.547536656160656,0.5,73.13102413209415,129.03662433520861,0.15420748296180842,0.11282133699556039,88.0471514825865,13.441417802922738,88.0471514825865,13.441417802922738,646.4756463237418,76.02163754152382,130257633.28,59347463.821311265
Quantum-Enhanced-Merge,103.87607645562788,10.2904403811892,16.628754997253417,3.0257025310968344,0.46,90.7291193565288,128.06372707948617,0.14922372149875726,0.09058939256813821,80.02188003866819,17.390127879669084,80.02188003866819,17.390127879669084,626.3944096917544,99.28443018700806,139822694.4,51911876.00286501
RQAOA,98.89193674891658,8.843259987033504,4.006378655433655,1.2264429588806578,0.64,84.09146403413853,119.98436073564234,0.1151613634056599,0.09339321915683012,88.393538693693,10.767081884859287,88.393538693693,10.767081884859287,643.0022201588437,77.09998224969594,2225192.96,4069198.9417385226
