Method,Mean Objective,Std Objective,Mean Runtime,Std Runtime,Success Rate,Min Objective,Max Objective,Mean Gap,Std Gap,Mean Max Violation,Std Max Violation,Mean Inf Norm X,Std Inf Norm X,Mean One Norm Y,Std One Norm Y,Mean Memory Peak,Std Memory Peak
PuLP,102.00664595063316,15.00286921742368,0.462463903427124,0.06222987603434246,1.0,86.59967342854037,125.4586447326089,,,,,,,,,3220439.04,3637068.1574757947
Benders,106.12214928935026,17.315239027628635,9.915273580551148,8.480116379597288,0.72,88.8972808500407,139.26652322572804,0.12317628720746258,0.13152566374975533,71.29855628006919,23.432287558080986,71.29855628006919,23.432287558080986,525.4074742892512,182.88075657639232,4496097.28,4956457.560389776
Quantum-Enhanced,101.4606627945472,10.587609500861047,16.167471780776978,2.320219245618491,0.6,83.25576663936779,125.66000182524284,0.14177926969007587,0.11319498639806426,83.13403250546527,16.854882873042694,83.13403250546527,16.854882873042694,624.4158783395491,109.16961868223602,174001029.12,34027929.46441331
Quantum-Enhanced-Merge,102.64672944407401,8.547207399072363,15.304182138442993,2.2966568033260635,0.56,90.46428416122637,124.75076430383649,0.1311502974582894,0.09698979051914462,77.77186020740423,21.135278841973932,77.77186020740423,21.135278841973932,604.2281855732494,117.28193188171024,172368691.2,33976810.74284935
RQAOA,100.07894290171049,9.042149981606622,2.93189847946167,0.7493070158458497,0.56,86.55697659390178,120.91811466906024,0.14053183503182223,0.1027412275230772,88.36530547735302,10.584952873990419,88.36530547735302,10.584952873990419,658.0564480991031,61.94529666407171,4437278.72,4833315.683664885
