Method,Mean Objective,Std Objective,Mean Runtime,Std Runtime,Success Rate,Min Objective,Max Objective,Mean Gap,Std Gap,Mean Max Violation,Std Max Violation,Mean Inf Norm X,Std Inf Norm X,Mean One Norm Y,Std One Norm Y,Mean Memory Peak,Std Memory Peak
PuLP,105.0811969104135,15.067384530714824,0.2087641716003418,0.04612237031569909,1.0,86.65159132256849,127.33126434961325,,,,,,,,,4778188.8,3548437.319190662
Benders,109.2669372735892,18.018869073567863,5.114767634868622,1.9501655287344783,0.55,89.00967481808681,139.45274173974786,0.1755652118010432,0.16723985384994197,70.70497531029653,26.496046176158583,70.70497531029653,26.496046176158583,512.5180008150785,185.6219213623824,9297715.2,2090867.8373148413
Quantum-Enhanced,98.8809030692064,14.606633003553728,21.301964163780212,3.072966469425706,0.3,66.23663935400839,123.01236042706745,0.18939419910812827,0.10927673963034289,89.4778854615034,13.379108107046601,89.4778854615034,13.379108107046601,657.5836714468473,77.81034585705973,244905369.6,22283480.030882463
Quantum-Enhanced-Merge,100.8891673740527,8.814791104078253,21.860004353523255,3.196947568955147,0.7,89.60815846015609,123.35053776106709,0.09326927059371021,0.1039818250630675,85.87129649586768,16.96488935999982,85.87129649586768,16.96488935999982,617.6702747337238,87.25293622728688,243924992.0,23204750.227624815
